 ;select;bubble;Aversion1;Aversion2;insert;binaryInsert;count;radix;merge;quick;heap;shellCiura;shell;
1;12400;21000;20400;21200;12600;7300;4300;64400;158900;185100;7600;5700;4600
2;41000;115800;132400;102100;56000;23200;6800;55800;323300;670400;19400;17200;15400
3;143500;192200;330700;273200;239500;81100;16600;97800;775600;811500;27200;17600;25700
4;146800;266500;319500;419900;308300;118300;20500;61600;1.0823e+06;2.1856e+06;61200;46700;38100
5;415800;870500;719700;695300;426700;110000;16300;65500;1.2244e+06;3.7736e+06;108200;48900;42700
6;693600;1.1501e+06;1.2247e+06;739700;387300;339300;35900;141400;1.7777e+06;5.5281e+06;203500;86700;138600

1;57900;80000;37700;45700;26500;12500;207700;63500;167400;406400;7600;9700;8400
2;106900;93400;90300;163000;112200;51200;327100;163900;588600;869600;45700;31100;14500
3;153600;270500;185200;187400;236000;186100;132400;52100;648200;1.706e+06;53000;101100;40100
4;259200;448900;602100;653800;380700;269100;332100;143500;1.6698e+06;2.6896e+06;80500;44600;61400
5;428400;1.391e+06;1.0803e+06;740500;612100;197800;250600;88300;1.2135e+06;3.0014e+06;158400;93700;97000
6;925700;944500;1.1453e+06;1.1538e+06;802000;389500;222300;179200;1.7111e+06;6.605e+06;153600;741100;165700

1;24200;22300;16900;8800;7100;6000;248300;97000;307400;581300;16400;572500;6800
2;74200;92800;84000;281500;31600;20500;254400;99200;595800;2.8707e+06;39200;21800;21100
3;159800;896800;266800;197300;123800;38200;237800;117100;1.8786e+06;3.9881e+06;60500;35100;40500
4;351300;368900;1.3333e+06;342600;194300;59800;281400;115300;1.4978e+06;1.16994e+07;63000;31100;94800
5;487400;465100;319000;556400;172200;77800;116400;57900;1.1749e+06;6.7731e+06;109000;40800;40000
6;307300;683600;447800;509300;237500;122000;249900;66200;1.6503e+06;9.8657e+06;131400;87700;86600

1;23600;55800;55500;54400;54600;21900;133600;44000;237100;285100;18700;10900;7600
2;84100;157800;221200;223100;242600;75300;323700;100500;591100;895300;20900;14700;11600
3;175400;449600;562200;611200;691500;178000;253000;139800;1.0576e+06;1.1562e+06;139400;56100;29100
4;348500;635400;823100;902100;738300;150700;119300;59000;1.1312e+06;3.0855e+06;86000;27600;22500
5;243900;753000;709100;819300;933100;432600;147000;66400;737200;2.7035e+06;105400;55300;49900
6;707100;884300;1.2095e+06;1.8783e+06;1.6951e+06;625100;115900;63700;1.3096e+06;4.1749e+06;117400;76800;228700


1;94900;146600;131000;120300;74200;34800;11600;85400;592800;802900;26900;19400;15000
2;372800;481800;287000;444300;346000;123400;24000;118300;1.2372e+06;1.5562e+06;40300;26000;23200
3;309600;946500;1.3376e+06;830000;374600;192300;21300;71800;1.0252e+06;3.8681e+06;63100;60200;37500
4;527700;1.7483e+06;2.0068e+06;1.7136e+06;1.1429e+06;562200;89200;83000;1.6348e+06;7.4509e+06;169200;129700;95400
5;939500;2.4654e+06;2.8492e+06;2.9572e+06;1.0949e+06;378900;30600;108900;1.6523e+06;7.8221e+06;131000;95600;61300
6;2.0347e+06;4.1963e+06;4.1525e+06;4.2169e+06;2.111e+06;972000;67300;121400;2.1979e+06;1.26319e+07;136700;72700;79500
7;1.5618e+06;3.4137e+06;3.1628e+06;3.3795e+06;2.4322e+06;612800;33700;99600;2.6122e+06;1.88403e+07;208700;118900;112500
8;2.9628e+06;5.0067e+06;5.1466e+06;4.4441e+06;2.2166e+06;1.3564e+06;73800;168700;4.6424e+06;1.96667e+07;191400;113000;108100
9;2.3497e+06;5.2764e+06;4.918e+06;4.5032e+06;2.5425e+06;1.0982e+06;65100;137900;5.1747e+06;2.7633e+07;247800;145600;150700
10;3.9984e+06;7.9079e+06;7.4213e+06;1.1442e+07;4.9136e+06;1.6737e+06;64600;157400;3.761e+06;2.02552e+07;332300;249100;238700
11;4.035e+06;8.4881e+06;9.8998e+06;1.39839e+07;5.6134e+06;1.969e+06;104600;200200;3.6744e+06;3.02876e+07;484600;185000;240700
12;5.5168e+06;1.06814e+07;1.55123e+07;1.27187e+07;8.3071e+06;2.7995e+06;110700;175600;5.1694e+06;3.35561e+07;335600;164700;249200
13;5.8263e+06;1.15185e+07;1.59756e+07;1.28081e+07;7.4858e+06;2.2938e+06;63100;186400;4.2186e+06;3.27229e+07;367400;181700;181500
14;7.8949e+06;1.31675e+07;1.57424e+07;1.47538e+07;9.6753e+06;2.4771e+06;66600;167100;4.0929e+06;3.40491e+07;339700;180900;198100
15;6.9138e+06;1.50835e+07;1.58074e+07;2.00342e+07;1.93604e+07;3.2236e+06;67100;198000;4.2151e+06;4.82289e+07;776800;319500;432300
16;1.43976e+07;2.28087e+07;2.00328e+07;2.0219e+07;1.00767e+07;3.529e+06;98200;253500;4.752e+06;5.94841e+07;739100;281000;344500
17;7.9366e+06;1.91468e+07;2.15406e+07;2.01211e+07;1.09308e+07;4.3381e+06;110400;206200;6.6823e+06;6.74379e+07;865600;339300;304300
18;1.17123e+07;3.79266e+07;2.55511e+07;2.27037e+07;1.15592e+07;3.8559e+06;70200;206600;4.7945e+06;9.24665e+07;988700;443900;387100
19;3.08876e+07;3.42818e+07;2.79327e+07;2.38298e+07;1.30826e+07;5.1932e+06;105600;319400;7.0418e+06;7.36491e+07;551100;293400;296800
20;1.13218e+07;3.17021e+07;2.71482e+07;2.5973e+07;1.37603e+07;5.2911e+06;104100;241400;5.0962e+06;9.04861e+07;480200;266700;284400
21;1.24015e+07;3.14426e+07;2.68831e+07;2.87121e+07;1.51265e+07;4.9467e+06;89300;220700;5.9539e+06;8.23186e+07;540900;290200;311200
22;1.63369e+07;3.63179e+07;3.06268e+07;3.64107e+07;2.15476e+07;7.6707e+06;97000;253800;6.5747e+06;8.57571e+07;611100;414300;614300
23;1.6302e+07;4.04443e+07;3.26166e+07;3.25181e+07;1.98058e+07;8.1851e+06;231000;325300;7.6597e+06;9.22382e+07;684600;365600;434100
24;1.54237e+07;4.35681e+07;4.15985e+07;3.78211e+07;2.25146e+07;1.03225e+07;143600;312800;7.4163e+06;9.97339e+07;723300;444700;454700
25;1.68776e+07;4.51858e+07;3.83769e+07;4.49243e+07;2.12498e+07;7.6902e+06;112600;272700;7.3095e+06;1.11075e+08;647600;404400;395300
26;1.80326e+07;5.03186e+07;5.89951e+07;4.94464e+07;2.59576e+07;9.6216e+06;143500;301500;7.5949e+06;1.11374e+08;779900;386800;421600
27;1.8411e+07;5.83489e+07;4.89835e+07;4.83467e+07;2.47709e+07;8.2637e+06;104600;279100;9.0212e+06;1.33922e+08;773400;411500;416500
28;2.06055e+07;5.58666e+07;5.22539e+07;5.15502e+07;2.6148e+07;8.7226e+06;127200;313000;8.1223e+06;1.33534e+08;1.0153e+06;552100;451500
29;2.55839e+07;5.56281e+07;5.8759e+07;5.97484e+07;2.95879e+07;1.24428e+07;116900;305500;8.327e+06;1.47238e+08;772800;429400;386000
30;3.06458e+07;5.97836e+07;5.95722e+07;5.88343e+07;3.32081e+07;1.00295e+07;115900;295300;8.5499e+06;1.48313e+08;1.1059e+06;860300;540800
31;3.48578e+07;7.1868e+07;6.93288e+07;6.33669e+07;3.31804e+07;1.20553e+07;136500;289900;9.4031e+06;1.6599e+08;880900;509900;497100
32;3.18732e+07;6.52761e+07;6.81498e+07;6.99049e+07;3.56214e+07;1.13653e+07;126500;305700;1.15971e+07;1.69891e+08;888500;521700;557900
33;3.54453e+07;7.74587e+07;7.18821e+07;7.49046e+07;3.40376e+07;1.35859e+07;172500;393400;9.5359e+06;1.79294e+08;933700;479000;540300
34;4.04074e+07;7.92251e+07;7.81044e+07;7.84495e+07;4.09361e+07;1.24363e+07;138900;341400;9.1527e+06;1.99114e+08;985500;544100;532300
35;4.03807e+07;8.07602e+07;8.0162e+07;7.99661e+07;3.98502e+07;1.47996e+07;148300;330200;9.3038e+06;1.93152e+08;908100;523800;504200
36;4.51044e+07;8.78141e+07;8.87595e+07;8.44474e+07;4.23708e+07;1.45942e+07;136500;350900;1.14116e+07;2.04402e+08;1.041e+06;569500;505100
37;4.45974e+07;9.62588e+07;9.06107e+07;1.08627e+08;4.70666e+07;1.48162e+07;170500;451000;9.3764e+06;3.19022e+08;2.0187e+06;1.4805e+06;1.1577e+06
38;1.12959e+08;1.49151e+08;1.37715e+08;1.69063e+08;8.27666e+07;1.88622e+07;201600;415000;1.35543e+07;3.91433e+08;2.5179e+06;1.2175e+06;1.321e+06
39;1.16348e+08;1.74358e+08;1.45296e+08;1.19181e+08;5.42351e+07;2.14369e+07;228000;643600;1.42352e+07;2.5461e+08;1.0757e+06;673500;588000
40;5.1289e+07;1.05559e+08;1.10433e+08;1.13424e+08;6.08229e+07;1.86909e+07;176800;436200;1.31656e+07;2.52671e+08;1.1179e+06;711200;716700
41;5.89924e+07;1.1671e+08;1.19236e+08;1.17136e+08;5.43475e+07;2.32989e+07;174100;403200;1.20739e+07;2.63568e+08;1.0487e+06;555000;675900

1;31300;56100;57100;56000;34400;17100;71400;30400;207100;278000;13500;9900;14200
2;157300;381400;273700;258100;181900;80000;90100;45500;591700;913100;36200;28700;33100
3;275900;560200;575900;666200;406100;160200;96400;56200;925500;1.9508e+06;67000;56600;59500
4;586400;1.162e+06;1.1789e+06;1.0993e+06;666400;273500;108300;74700;1.0794e+06;3.1839e+06;109300;100700;119200
5;904200;2.0306e+06;1.9531e+06;2.3847e+06;1.3015e+06;484800;122600;144400;1.8998e+06;6.1191e+06;153300;128100;129500
6;1.1893e+06;3.1118e+06;3.3231e+06;2.9312e+06;2.9648e+06;1.1431e+06;154500;112100;3.8176e+06;8.5742e+06;166900;152200;138700
7;1.4044e+06;3.0325e+06;3.1316e+06;3.8238e+06;2.0638e+06;851800;136100;102500;2.1043e+06;9.1692e+06;209900;185100;169400
8;2.0639e+06;5.6275e+06;4.7434e+06;4.144e+06;2.9678e+06;1.4125e+06;231900;159500;2.593e+06;1.37577e+07;269100;208600;231300
9;2.4223e+06;5.2644e+06;6.0642e+06;6.475e+06;9.634e+06;2.4586e+06;340500;205200;3.9547e+06;1.82893e+07;315100;337600;314100
10;3.6068e+06;8.7451e+06;7.3336e+06;7.8888e+06;5.2678e+06;2.4147e+06;183000;231300;3.4335e+06;2.12673e+07;409700;329200;321400
11;4.1575e+06;8.462e+06;8.3349e+06;1.06874e+07;5.1126e+06;1.8919e+06;136900;131300;3.0512e+06;1.99035e+07;355000;326000;314000
12;4.162e+06;1.09002e+07;1.21715e+07;1.07123e+07;5.798e+06;2.1295e+06;131300;136300;3.3102e+06;2.30483e+07;419200;380300;390100
13;7.5291e+06;1.10142e+07;1.4294e+07;1.24618e+07;7.2411e+06;2.6534e+06;163000;161600;3.526e+06;2.63429e+07;454300;430200;427600
14;5.7179e+06;1.18417e+07;1.69726e+07;1.39137e+07;8.1559e+06;3.5031e+06;175400;201100;4.7096e+06;2.95507e+07;491400;492500;589900
15;6.1194e+06;1.3241e+07;1.8922e+07;1.86948e+07;1.04312e+07;4.5434e+06;190100;204100;4.9293e+06;3.55742e+07;431400;400500;421100
16;8.3884e+06;1.72724e+07;2.08532e+07;1.65068e+07;1.06133e+07;4.3937e+06;234600;250300;5.104e+06;3.98312e+07;556800;488000;459300
17;7.922e+06;2.6534e+07;2.03515e+07;2.03966e+07;1.11045e+07;4.4083e+06;171300;246300;4.7167e+06;4.39008e+07;572000;653000;555100
18;1.19788e+07;2.4497e+07;2.14286e+07;2.4424e+07;1.55943e+07;4.4844e+06;166000;221400;5.1768e+06;5.75828e+07;741300;619300;1.1435e+06
19;1.05565e+07;3.06441e+07;2.63442e+07;2.56908e+07;1.79931e+07;6.7045e+06;208400;261500;5.9336e+06;5.44623e+07;667400;516500;567000
20;1.06436e+07;3.21929e+07;2.94559e+07;2.68451e+07;1.82292e+07;7.6713e+06;178700;235200;5.612e+06;6.56097e+07;741300;733900;659100
21;1.13621e+07;3.4499e+07;3.05566e+07;3.14105e+07;1.70643e+07;7.3319e+06;283400;241700;6.9289e+06;6.34315e+07;754500;701000;677500
22;1.43411e+07;3.39768e+07;3.52325e+07;3.3589e+07;2.97235e+07;7.0914e+06;176500;221900;6.1127e+06;7.21916e+07;813700;693900;915800
23;1.39659e+07;3.90474e+07;3.714e+07;3.79193e+07;2.52849e+07;8.0949e+06;180300;254400;6.1681e+06;7.75803e+07;831300;811800;781200
24;1.55744e+07;4.06737e+07;4.02203e+07;3.64627e+07;2.22477e+07;8.6569e+06;238200;308100;7.7797e+06;9.15506e+07;860200;722300;744000
25;1.79575e+07;4.38436e+07;4.73945e+07;4.69539e+07;2.72882e+07;9.9664e+06;283900;449200;9.4243e+06;1.08761e+08;932200;868900;1.087e+06
26;2.63745e+07;5.51003e+07;4.58367e+07;4.9317e+07;2.68694e+07;9.2035e+06;215900;307400;7.1981e+06;1.00141e+08;1.0583e+06;1.2804e+06;1.2211e+06
27;1.92582e+07;5.47977e+07;5.16445e+07;5.78355e+07;2.88848e+07;1.07522e+07;244400;345600;9.3471e+06;1.05795e+08;995700;1.0033e+06;900300
28;2.0157e+07;5.72366e+07;5.57356e+07;5.82923e+07;3.59836e+07;1.10648e+07;201900;259400;7.5348e+06;1.05924e+08;957100;833400;831900
29;2.09022e+07;5.9257e+07;6.46511e+07;5.92103e+07;3.3912e+07;1.23737e+07;213900;309800;8.7119e+06;1.14367e+08;1.0972e+06;1.4253e+06;916300
30;2.55136e+07;7.26112e+07;6.83995e+07;6.28904e+07;3.9117e+07;1.16191e+07;262200;261900;8.9582e+06;1.1817e+08;963500;920500;965100
31;2.49204e+07;6.6611e+07;7.2777e+07;7.13001e+07;4.26504e+07;1.41988e+07;242800;436600;9.198e+06;1.27447e+08;1.1183e+06;964300;1.3387e+06
32;3.46907e+07;8.01939e+07;7.4472e+07;7.77219e+07;4.3047e+07;1.43196e+07;202400;302100;8.8989e+06;1.7692e+08;1.5353e+06;1.2583e+06;1.3919e+06
33;4.60234e+07;9.85047e+07;7.91861e+07;8.4913e+07;4.53817e+07;1.42769e+07;214700;339800;8.7654e+06;1.45306e+08;1.0914e+06;975200;1.0096e+06
34;3.91704e+07;8.41468e+07;8.49769e+07;8.12965e+07;4.45031e+07;1.52392e+07;219900;321500;8.5887e+06;1.44084e+08;1.0976e+06;1.0203e+06;1.0537e+06
35;3.41476e+07;8.68337e+07;8.89617e+07;8.4651e+07;4.85026e+07;1.70786e+07;280300;382000;1.0444e+07;1.511e+08;1.1439e+06;1.1411e+06;1.1278e+06
36;3.78267e+07;8.6838e+07;9.7618e+07;9.19659e+07;4.96453e+07;1.73925e+07;232300;355200;1.15571e+07;1.63426e+08;1.1362e+06;1.097e+06;1.2153e+06
37;3.77806e+07;9.32577e+07;1.05623e+08;9.42487e+07;5.41007e+07;1.84525e+07;251700;512800;1.03491e+07;1.7147e+08;1.1969e+06;1.107e+06;1.1447e+06
38;3.99114e+07;9.99346e+07;1.09588e+08;9.738e+07;5.87562e+07;1.89864e+07;281100;389600;1.09521e+07;1.81094e+08;1.5036e+06;1.3033e+06;1.39e+06
39;4.37944e+07;1.0558e+08;1.12876e+08;9.99277e+07;5.86664e+07;2.04771e+07;262300;378700;9.6733e+06;1.90656e+08;1.3098e+06;1.1431e+06;1.2848e+06
40;4.56564e+07;1.16163e+08;1.10355e+08;1.08531e+08;6.47539e+07;2.27221e+07;214800;335200;1.07252e+07;1.96418e+08;1.5584e+06;1.4881e+06;1.419e+06
41;5.38193e+07;1.17566e+08;1.12681e+08;1.09398e+08;7.03573e+07;2.18527e+07;224600;355200;1.15717e+07;2.1341e+08;1.4001e+06;1.1205e+06;1.6421e+06

1;26300;47200;31000;29100;12100;7000;69100;29800;192800;555600;13200;8100;7500
2;91900;144900;147900;148900;49200;25300;84200;40300;422100;2.328e+06;59100;38500;26200
3;306400;340100;299400;314400;111700;51000;89800;50900;725600;6.3778e+06;76800;61300;50800
4;819800;706500;728400;650200;187900;87300;97500;64000;967400;8.636e+06;119800;73400;75900
5;1.1202e+06;1.5276e+06;1.1914e+06;1.7084e+06;402300;279300;241100;97100;1.5377e+06;1.3134e+07;181300;84300;88800
6;1.0288e+06;1.4645e+06;1.6435e+06;1.4942e+06;482400;189300;129800;119600;2.3483e+06;1.81327e+07;187700;244000;160300
7;1.7582e+06;2.7661e+06;2.3335e+06;1.8844e+06;460600;215500;109600;94200;2.3623e+06;2.71136e+07;194100;142400;136600
8;1.7902e+06;2.3187e+06;2.3226e+06;2.1277e+06;488700;247700;109900;97000;2.1033e+06;3.26779e+07;222700;176400;155900
9;2.1881e+06;3.3944e+06;3.0445e+06;2.719e+06;706200;283700;121700;118700;2.1318e+06;3.73917e+07;276000;195300;195100
10;2.9513e+06;4.6128e+06;5.2599e+06;5.7223e+06;1.0787e+06;480400;219100;144400;3.4339e+06;4.57461e+07;284700;240000;203900
11;3.1114e+06;4.8468e+06;4.5111e+06;4.0724e+06;1.0806e+06;451300;134100;132700;3.2471e+06;5.80048e+07;328800;244800;255700
12;3.6692e+06;4.7448e+06;5.6999e+06;4.8272e+06;1.191e+06;622600;139600;148700;3.547e+06;6.34896e+07;336100;281600;269000
13;4.4332e+06;5.9906e+06;6.1328e+06;5.8145e+06;1.7389e+06;908200;237800;164000;5.7345e+06;7.93427e+07;414700;297400;300700
14;7.1425e+06;1.12343e+07;9.4342e+06;8.8764e+06;2.0846e+06;879700;154600;167300;3.7508e+06;8.67235e+07;473500;352300;392600
15;5.685e+06;8.3045e+06;9.6167e+06;1.06948e+07;2.3188e+06;883800;145400;172500;3.7874e+06;1.0571e+08;586800;385700;396800
16;6.6512e+06;9.3068e+06;1.00725e+07;1.13597e+07;2.4823e+06;966000;171500;199900;4.1352e+06;1.12785e+08;477400;374900;341800
17;7.1726e+06;1.07107e+07;1.26024e+07;1.08085e+07;3.1084e+06;1.1983e+06;152800;173200;4.3305e+06;1.3732e+08;616900;472700;554100
18;9.4684e+06;1.3764e+07;1.38877e+07;1.12943e+07;3.3018e+06;1.4165e+06;199600;427200;5.5359e+06;1.42255e+08;626000;494200;506100
19;8.2949e+06;1.24483e+07;1.81095e+07;1.22608e+07;2.9752e+06;1.2185e+06;158000;193200;5.2777e+06;1.55306e+08;524100;424100;444700
20;9.9425e+06;1.50263e+07;1.78165e+07;1.46272e+07;4.0347e+06;1.4697e+06;160000;203700;5.2673e+06;1.74407e+08;618300;445700;414300
21;1.00763e+07;1.59965e+07;1.86088e+07;1.82665e+07;4.5139e+06;1.5831e+06;184400;268300;6.0921e+06;1.89573e+08;679500;538800;675800
22;1.46439e+07;2.3658e+07;1.97124e+07;1.67437e+07;4.2759e+06;1.7255e+06;178600;237300;6.1392e+06;2.14916e+08;761900;737100;590600
23;1.55873e+07;2.41184e+07;2.30031e+07;1.94755e+07;4.3671e+06;2.1234e+06;194800;243900;7.3498e+06;3.05871e+08;714300;575800;594200
24;1.5629e+07;2.31812e+07;2.23608e+07;2.16618e+07;5.5115e+06;2.4649e+06;292500;243300;6.7618e+06;2.445e+08;837200;763500;618500
25;1.76399e+07;2.69082e+07;2.36568e+07;2.08183e+07;4.892e+06;1.9775e+06;255000;433900;6.9803e+06;2.66793e+08;809100;801900;640200
26;1.92424e+07;2.80843e+07;2.80287e+07;2.30899e+07;5.2727e+06;1.9895e+06;166000;258200;6.8957e+06;2.77122e+08;847700;713300;790400
27;1.95367e+07;2.85319e+07;2.70191e+07;2.61411e+07;6.2721e+06;2.406e+06;250700;282400;1.02088e+07;3.10918e+08;878700;712400;762900
28;1.81158e+07;3.17654e+07;3.10447e+07;2.79771e+07;6.7045e+06;3.0946e+06;225600;309400;7.0939e+06;3.32404e+08;921200;740900;695200
29;2.1981e+07;3.71528e+07;3.41244e+07;3.01536e+07;7.5435e+06;2.6953e+06;214900;263400;9.5695e+06;3.41369e+08;1.0941e+06;826100;811900
30;2.48442e+07;3.46878e+07;3.6558e+07;3.28319e+07;7.9484e+06;3.0576e+06;241800;330000;8.3074e+06;3.60546e+08;853100;696100;670300
31;2.43328e+07;3.72536e+07;4.15013e+07;3.87165e+07;1.07638e+07;4.4543e+06;217000;290100;8.1793e+06;3.89008e+08;892900;730200;872300
32;2.7652e+07;3.83624e+07;3.69723e+07;4.24529e+07;8.5966e+06;3.1806e+06;197400;282900;8.3445e+06;4.2538e+08;1.325e+06;1.2993e+06;1.2953e+06
33;3.53617e+07;4.22951e+07;3.87333e+07;4.62006e+07;1.08171e+07;3.9748e+06;421600;426700;8.6113e+06;5.56121e+08;1.247e+06;959000;1.0149e+06
34;7.21314e+07;5.90099e+07;4.83936e+07;5.42655e+07;1.45202e+07;6.828e+06;499600;1.6049e+06;1.75885e+07;5.15766e+08;1.0374e+06;863000;880100
35;3.7471e+07;4.44157e+07;4.14769e+07;4.44972e+07;1.07125e+07;3.5254e+06;199800;313500;8.7866e+06;4.92724e+08;1.3201e+06;1.4066e+06;1.0667e+06
36;4.45811e+07;5.18089e+07;4.68206e+07;4.36065e+07;1.30587e+07;4.791e+06;338800;434100;9.7066e+06;5.39801e+08;1.3994e+06;1.0389e+06;1.2098e+06
37;4.30785e+07;5.72998e+07;5.52986e+07;5.97702e+07;1.97144e+07;4.6396e+06;235700;339100;1.14656e+07;5.46349e+08;1.3187e+06;924300;914800
38;4.59756e+07;5.34057e+07;5.38574e+07;4.97819e+07;1.33292e+07;4.7792e+06;436500;407900;1.04344e+07;5.82298e+08;1.3834e+06;964800;1.0505e+06
39;4.42522e+07;5.62804e+07;5.75313e+07;5.19508e+07;1.42683e+07;5.1424e+06;231500;386800;9.4191e+06;5.94768e+08;1.2826e+06;998000;1.0826e+06
40;4.27334e+07;6.00767e+07;5.87144e+07;6.12618e+07;1.54576e+07;5.3481e+06;222100;359500;1.0864e+07;6.11357e+08;1.6343e+06;1.5966e+06;1.1496e+06
41;4.61855e+07;6.16124e+07;5.9042e+07;5.84052e+07;1.30311e+07;4.7791e+06;229000;360500;1.20885e+07;6.58684e+08;1.4294e+06;1.0182e+06;1.4305e+06

1;71900;73200;82600;94100;72800;31700;84200;39500;313500;519400;20900;14700;12300
2;203700;361800;298600;295900;302200;120400;97400;44200;450500;1.2219e+06;30400;19400;17500
3;277100;1.1378e+06;721600;750900;696300;263000;98300;68900;857500;2.8509e+06;56200;30300;28900
4;508500;1.4414e+06;1.3377e+06;1.247e+06;1.1654e+06;451100;161400;66200;1.0409e+06;4.5423e+06;88000;49800;41300
5;1.0939e+06;2.2115e+06;2.3673e+06;2.0131e+06;1.9259e+06;727900;104300;74900;1.2045e+06;5.6469e+06;121800;60500;67900
6;1.3087e+06;6.4219e+06;6.2158e+06;3.9294e+06;2.7805e+06;1.0946e+06;108700;83600;1.5378e+06;7.4031e+06;134600;72700;72800
7;1.4717e+06;3.7164e+06;3.7585e+06;3.7518e+06;3.8876e+06;1.3515e+06;119300;102200;2.3025e+06;1.29204e+07;155600;78000;82400
8;2.2021e+06;5.1809e+06;6.0884e+06;5.4367e+06;5.7213e+06;2.412e+06;148200;250800;2.494e+06;1.55168e+07;207300;108700;106900
9;3.7235e+06;9.2866e+06;6.7532e+06;9.557e+06;7.9678e+06;2.7485e+06;125500;121600;2.3541e+06;1.67819e+07;222600;103500;114800
10;3.2202e+06;7.764e+06;1.08342e+07;1.13052e+07;9.5569e+06;3.9874e+06;314000;259200;4.5135e+06;2.27249e+07;329500;130400;141000
11;4.9156e+06;9.6766e+06;1.33895e+07;1.25295e+07;9.4902e+06;3.3155e+06;128200;145000;3.101e+06;2.48468e+07;365800;238100;189900
12;7.1847e+06;1.37961e+07;1.65974e+07;1.16778e+07;1.12075e+07;3.854e+06;127800;130300;3.3523e+06;3.12945e+07;293300;146700;161400
13;5.3376e+06;1.52424e+07;1.73246e+07;1.32641e+07;1.39829e+07;4.8183e+06;135400;139300;3.2544e+06;3.32508e+07;372800;170800;189300
14;6.2705e+06;1.57384e+07;2.06987e+07;1.80784e+07;1.97548e+07;6.3719e+06;164600;166700;4.0166e+06;4.42635e+07;484600;233600;179900
15;8.5217e+06;2.29003e+07;2.35031e+07;2.4236e+07;2.30325e+07;6.359e+06;137600;160600;4.0434e+06;5.66965e+07;402600;198200;208200
16;1.02345e+07;4.21382e+07;2.50338e+07;2.01512e+07;2.14823e+07;6.5821e+06;147800;181200;4.1038e+06;4.99956e+07;380300;185900;207800
17;8.9166e+06;2.38699e+07;2.55592e+07;2.24104e+07;2.06756e+07;7.0244e+06;154400;318000;5.3388e+06;5.3599e+07;501400;243200;257000
18;1.11663e+07;2.70258e+07;3.01793e+07;2.71118e+07;2.43628e+07;8.313e+06;164200;195800;5.1677e+06;5.9465e+07;543000;277800;267800
19;1.22128e+07;3.3964e+07;2.95228e+07;2.69822e+07;2.67722e+07;9.6287e+06;160300;249100;5.0148e+06;6.40093e+07;532000;236700;234600
20;1.09729e+07;3.08605e+07;3.06741e+07;2.81564e+07;2.81097e+07;9.6229e+06;188400;220000;5.2976e+06;7.29342e+07;973900;426900;541200
21;1.42301e+07;3.59706e+07;3.60936e+07;3.35176e+07;3.45077e+07;1.22214e+07;150900;195700;4.4904e+06;8.29369e+07;522000;235300;240900
22;1.45607e+07;3.96493e+07;3.61875e+07;4.03513e+07;3.79567e+07;1.22722e+07;180600;244200;5.6597e+06;8.22151e+07;581800;290700;332900
23;1.636e+07;4.04368e+07;4.28318e+07;4.98268e+07;4.22023e+07;1.72378e+07;181800;254300;6.8227e+06;1.02179e+08;783900;574300;398700
24;1.78717e+07;4.88572e+07;4.26747e+07;4.85937e+07;5.88809e+07;1.39982e+07;182200;226700;6.7111e+06;9.78069e+07;647000;382200;363700
25;1.84757e+07;4.98705e+07;5.2343e+07;5.16885e+07;5.02456e+07;1.67088e+07;177700;246900;6.2725e+06;1.1075e+08;619700;294000;358300
26;1.96565e+07;5.41773e+07;5.07335e+07;5.49098e+07;5.26865e+07;1.90268e+07;188700;276000;7.7476e+06;1.17445e+08;693500;346700;445200
27;3.38876e+07;5.75451e+07;5.89163e+07;5.82145e+07;5.58184e+07;2.03684e+07;160000;231700;6.2869e+06;1.21028e+08;816800;439200;482400
28;2.41709e+07;6.05103e+07;5.91577e+07;6.02532e+07;5.73913e+07;2.47189e+07;234000;303600;7.9669e+06;1.27277e+08;908100;440600;432800
29;2.70598e+07;6.63739e+07;6.21129e+07;6.36448e+07;6.31947e+07;2.35369e+07;340400;434300;7.5591e+06;1.44075e+08;971200;427300;421000
30;3.25521e+07;7.13983e+07;6.504e+07;6.74433e+07;7.27335e+07;2.35938e+07;225300;295500;7.4475e+06;1.46196e+08;849600;477100;412500
31;3.18755e+07;7.88123e+07;8.91504e+07;8.42722e+07;7.06481e+07;2.4275e+07;178700;265900;6.8545e+06;1.57142e+08;884800;424300;389000
32;3.12073e+07;8.11761e+07;8.51513e+07;8.07828e+07;7.07219e+07;2.37959e+07;180900;279100;7.327e+06;1.73406e+08;1.5108e+06;696800;524700
33;4.22035e+07;9.2069e+07;9.04727e+07;8.22524e+07;7.81588e+07;2.94821e+07;237100;360500;8.8607e+06;1.67594e+08;840400;403700;380400
34;3.51249e+07;8.58767e+07;8.96604e+07;8.85991e+07;8.30711e+07;2.70967e+07;187900;322600;7.889e+06;1.7446e+08;911800;437100;425100
35;4.12101e+07;9.01114e+07;9.76264e+07;9.28692e+07;8.59822e+07;2.89341e+07;208600;343200;7.9801e+06;1.82260e+08;970900;527900;486600
36;4.0104e+07;1.01812e+08;1.36952e+08;1.0875e+08;1.09517e+08;3.25493e+07;232300;340900;8.9887e+06;1.94993e+08;876600;476000;440000
37;4.48394e+07;1.03193e+08;1.00303e+08;9.77041e+07;9.57277e+07;3.279e+07;228700;423200;8.4206e+06;2.01034e+08;943200;478000;490400
38;4.76592e+07;1.01287e+08;1.07167e+08;1.03551e+08;1.19921e+08;3.70101e+07;245100;333400;1.29872e+07;2.29949e+08;1.0295e+06;547000;571000
39;4.51896e+07;1.10673e+08;1.12851e+08;1.10958e+08;1.22602e+08;3.51648e+07;405200;416900;9.344e+06;2.43766e+08;1.1054e+06;562800;499400
40;5.21058e+07;1.1471e+08;1.29555e+08;1.17005e+08;1.12896e+08;3.90919e+07;209400;322900;8.7274e+06;2.32227e+08;1.2718e+06;522100;505400
41;6.24376e+07;1.19898e+08;1.22312e+08;1.20537e+08;1.16876e+08;3.99489e+07;253800;436900;9.1045e+06;2.38744e+08;1.0002e+06;497100;464500




 ;select;bubble;Aversion1;Aversion2;insert;binaryInsert;count;radix;merge;quick;heap;shellCiura;shell;
1;4136;7387;7775;7637;4068;4101;878;7314;1754;3198;3596;2048;1695
2;15772;28205;29258;28678;14137;12297;1728;10514;3980;11648;8486;4496;3878
3;34896;63283;65490;64044;31661;25011;2578;13714;6372;25828;13612;7179;6472
4;61543;110345;114000;111794;52657;39898;3428;16914;8898;45936;20059;9874;9071
5;95671;171903;176320;172396;81521;59320;4278;20114;11420;70928;25325;12689;10779
6;137321;252109;263613;262772;125519;87569;5128;23314;14152;100966;32287;15504;14990

1;4198;7691;8365;8085;4600;4466;16347;7314;1746;2800;4296;2423;2075
2;15970;30721;33300;32603;18540;14877;17222;10514;3994;9821;10221;5676;5083
3;35294;69143;74875;73497;41916;30900;18141;13714;6398;21606;17008;9539;8827
4;62102;121441;131353;129036;72075;50969;19276;16914;8984;37154;23726;12709;12736
5;96354;189323;205490;203891;112006;76735;20126;20114;11572;58282;31245;17194;15979
6;138222;271969;294638;291665;160274;107383;20976;23314;14326;83244;38723;21019;21175

1;4078;5407;3298;1866;603;2149;16358;7314;1632;7694;4753;1878;1530
2;15663;22801;19976;19491;4680;6947;17221;10514;3824;30394;11174;4521;4453
3;34753;51299;50651;47332;10689;13139;18138;13714;6246;68094;18056;7979;7327
4;61333;91789;94613;92935;20184;21479;19273;16914;8832;120794;25420;11534;10906
5;95424;143495;148111;140738;31807;31147;20126;20114;11202;188494;32906;15354;13259
6;137007;204557;206516;197008;42303;40370;20986;23314;13876;271194;40999;18284;17700

1;4694;10047;11370;11222;8723;6813;16757;7314;1606;3926;3789;2228;1760
2;18105;40093;45240;44942;34941;24226;17907;10514;3620;15291;9220;4981;4333
3;40236;90139;101610;101162;78659;51855;18845;13714;5782;34216;15076;7939;7572
4;71032;160181;180475;179877;139870;89649;19695;16914;8048;60150;21305;10809;10326
5;110407;250211;281825;281077;218560;137433;20545;20114;10246;93464;27985;14384;13659
6;158505;360249;405685;404787;314764;195488;21395;23314;12772;133936;35046;17209;17645


1;15772;28205;29258;28678;14137;12297;1728;10514;3980;11648;8486;4496;3878
2;61543;110345;114000;111794;52657;39898;3428;16914;8898;45936;20059;9874;9071
3;137321;252109;263613;262772;125519;87569;5128;23314;14152;100966;32287;15504;14990
4;243096;445409;461513;454042;218569;147083;6828;29714;19682;176312;44769;21593;20634
5;378863;690153;720743;716121;331646;218260;8528;36114;25204;270480;58451;27708;24762
6;544656;994605;1.03948e+06;1.03691e+06;479212;309377;10228;42514;31178;389920;71789;33838;34133
7;740443;1.35361e+06;1.41677e+06;1.41428e+06;652251;415203;11928;48914;37220;530000;86556;40148;39110
8;966204;1.77909e+06;1.86238e+06;1.86013e+06;871609;547699;13628;55314;43218;694428;100548;46492;47102
9;1.22198e+06;2.27454e+06;2.381e+06;2.37704e+06;1.14343e+06;710203;15328;61714;49170;874774;113464;53607;53363
10;1.50775e+06;2.78978e+06;2.91799e+06;2.91517e+06;1.37988e+06;852539;17028;68114;55200;1.07997e+06;128460;60197;57500
11;1.82352e+06;3.37677e+06;3.51452e+06;3.49578e+06;1.67188e+06;1.02683e+06;18728;74514;61626;1.30352e+06;143056;67297;69111
12;2.16931e+06;4.02900e+06;4.21127e+06;4.19868e+06;2.00806e+06;1.22649e+06;20428;80914;68088;1.54934e+06;158799;73987;77566
13;2.54509e+06;4.74845e+06;4.95726e+06;4.93765e+06;2.39187e+06;1.45347e+06;22128;87314;74620;1.82197e+06;173988;81092;83381
14;2.95085e+06;5.537e+06;5.79312e+06;5.78696e+06;2.8266e+06;1.70952e+06;23828;93714;81172;2.10515e+06;189218;87732;88498
15;3.38666e+06;6.36773e+06;6.66160e+06;6.65272e+06;3.26515e+06;1.96783e+06;25528;100114;87514;2.41647e+06;204760;94522;93829
16;3.85241e+06;7.24263e+06;7.57842e+06;7.57393e+06;3.71101e+06;2.23036e+06;27228;106514;94224;2.75751e+06;219935;101807;107380
17;4.34819e+06;8.15606e+06;8.52540e+06;8.51544e+06;4.15428e+06;2.49144e+06;28928;112914;100708;3.12144e+06;232737;108617;107702
18;4.87395e+06;9.10688e+06;9.50846e+06;9.48528e+06;4.593e+06;2.74998e+06;30628;119314;107076;3.50926e+06;249077;115872;117336
19;5.42976e+06;1.01648e+07;1.0627e+07;1.06217e+07;5.14917e+06;3.07566e+06;32328;125714;113678;3.89967e+06;263563;123177;118879
20;6.01555e+06;1.12702e+07;1.17786e+07;1.17634e+07;5.71836e+06;3.40881e+06;34028;132114;120172;4.31538e+06;279911;129942;128288
21;6.6313e+06;1.2397e+07;1.29532e+07;1.29338e+07;6.25506e+06;3.72353e+06;35728;138514;126898;4.75658e+06;296744;137127;144749
22;7.27709e+06;1.36168e+07;1.4224e+07;1.42039e+07;6.88441e+06;4.09126e+06;37428;144914;133974;5.22562e+06;312124;144717;153589
23;7.95287e+06;1.48626e+07;1.55334e+07;1.55214e+07;7.48937e+06;4.44518e+06;39128;151314;140832;5.73594e+06;331390;152262;156452
24;8.65866e+06;1.61543e+07;1.68764e+07;1.68582e+07;8.10455e+06;4.80486e+06;40828;157714;147850;6.25156e+06;347291;159947;171979
25;9.39444e+06;1.75302e+07;1.83072e+07;1.82826e+07;8.7972e+06;5.20886e+06;42528;164114;154808;6.7671e+06;363754;166867;174920
26;1.01602e+07;1.89872e+07;1.98334e+07;1.98201e+07;9.5617e+06;5.65401e+06;44228;170514;161810;7.31139e+06;380918;173997;181004
27;1.0956e+07;2.04962e+07;2.14258e+07;2.14182e+07;1.03472e+07;6.11119e+06;45928;176914;168746;7.85487e+06;396635;181332;188495
28;1.17818e+07;2.20529e+07;2.30364e+07;2.30199e+07;1.11463e+07;6.57613e+06;47628;183314;175694;8.44141e+06;414722;188952;196306
29;1.26376e+07;2.36772e+07;2.47299e+07;2.47061e+07;1.19936e+07;7.06857e+06;49328;189714;182746;9.04551e+06;428881;196357;200006
30;1.35234e+07;2.52663e+07;2.63958e+07;2.63801e+07;1.27093e+07;7.48593e+06;51028;196114;189472;9.6871e+06;445747;203902;208092
31;1.44392e+07;2.69166e+07;2.81156e+07;2.80894e+07;1.34621e+07;7.92448e+06;52728;202514;196522;1.03651e+07;461908;211472;212640
32;1.53849e+07;2.87484e+07;3.00085e+07;2.99703e+07;1.44624e+07;8.50453e+06;54428;208914;203666;1.10385e+07;478731;219387;236458
33;1.63607e+07;3.05331e+07;3.18838e+07;3.18615e+07;1.53106e+07;8.99765e+06;56128;215314;210662;1.1741e+07;494699;226542;229396
34;1.73665e+07;3.24282e+07;3.38704e+07;3.38529e+07;1.62818e+07;9.56106e+06;57828;221714;217690;1.24407e+07;512334;233977;238715
35;1.84023e+07;3.42933e+07;3.57945e+07;3.57034e+07;1.71304e+07;1.00545e+07;59528;228114;224666;1.3183e+07;529757;241737;240397
36;1.9468e+07;3.63327e+07;3.79385e+07;3.79005e+07;1.8214e+07;1.06822e+07;61228;234514;231596;1.39215e+07;543475;249167;254809
37;2.05638e+07;3.84047e+07;4.01294e+07;4.0119e+07;1.92849e+07;1.13027e+07;62928;240914;238578;1.46901e+07;558818;256707;255472
38;2.16896e+07;4.05737e+07;4.23746e+07;4.23373e+07;2.04555e+07;1.198e+07;64628;247314;245526;1.54819e+07;575526;263837;263937
39;2.28453e+07;4.2707e+07;4.46232e+07;4.46122e+07;2.14935e+07;1.25818e+07;66328;253714;252496;1.63024e+07;594579;271532;268373
40;2.40311e+07;4.4858e+07;4.6849e+07;4.67931e+07;2.24925e+07;1.31612e+07;68028;260114;259606;1.7167e+07;611377;279107;284406
41;2.52469e+07;4.71421e+07;4.92389e+07;4.91748e+07;2.36545e+07;1.38338e+07;69728;266514;266592;1.80391e+07;629469;286436;322440

1;15970;30721;33300;32603;18540;14877;17222;10514;3994;9821;10221;5676;5083
2;62102;121441;131353;129036;72075;50969;19276;16914;8984;37154;23726;12709;12736
3;138222;271969;294638;291665;160274;107383;20976;23314;14326;83244;38723;21019;21175
4;244387;485021;526078;523993;287890;186645;22676;29714;19958;149680;53934;29038;30639
5;380745;757385;822208;812809;449302;285446;24433;36114;25674;226603;70264;38823;37807
6;546867;1.0861e+06;1.1761e+06;1.16922e+06;639330;400831;26207;42514;31660;322985;87241;47613;48753
7;743020;1.47437e+06;1.59752e+06;1.59437e+06;863581;535903;27907;48914;37768;436353;104231;56123;54980
8;969380;1.92209e+06;2.08121e+06;2.07438e+06;1.12187e+06;690558;29607;55314;43906;566844;121840;65727;71992
9;1.22574e+06;2.42563e+06;2.6238e+06;2.61306e+06;1.40784e+06;861116;31307;61714;50116;715558;139586;75862;93058
10;1.51182e+06;3.00439e+06;3.25342e+06;3.24256e+06;1.75544e+06;1.06701e+06;33007;68114;56318;880538;156798;85717;86255
11;1.82835e+06;3.63238e+06;3.93416e+06;3.92174e+06;2.1192e+06;1.28221e+06;34707;74514;62800;1.07037e+06;175848;95342;98211
12;2.17463e+06;4.30524e+06;4.65442e+06;4.64329e+06;2.49148e+06;1.50239e+06;36407;80914;69322;1.2749e+06;194399;104397;115191
13;2.55069e+06;5.06721e+06;5.482e+06;5.47328e+06;2.9497e+06;1.77178e+06;38107;87314;76002;1.49778e+06;213143;116312;131381
14;2.95699e+06;5.84053e+06;6.31747e+06;6.29037e+06;3.35779e+06;2.01257e+06;39807;93714;82592;1.74361e+06;231739;128242;129848
15;3.39346e+06;6.6931e+06;7.23208e+06;7.21741e+06;3.83455e+06;2.29272e+06;41507;100114;89254;2.00927e+06;250802;137572;142214
16;3.85982e+06;7.6397e+06;8.2702e+06;8.252e+06;4.40587e+06;2.62697e+06;43207;106514;95834;2.28031e+06;269373;147832;172935
17;4.35629e+06;8.60262e+06;9.29953e+06;9.26485e+06;4.93576e+06;2.93751e+06;44907;112914;102562;2.58271e+06;288998;156637;171457
18;4.88271e+06;9.65855e+06;1.0444e+07;1.04175e+07;5.55842e+06;3.30115e+06;46607;119314;109218;2.89826e+06;308473;166832;213531
19;5.43886e+06;1.07193e+07;1.15933e+07;1.15378e+07;6.11949e+06;3.62966e+06;48307;125714;115948;3.22606e+06;328204;178457;181929
20;6.0249e+06;1.18944e+07;1.28655e+07;1.28311e+07;6.81068e+06;4.03256e+06;50007;132114;122598;3.57974e+06;347608;189717;196783
21;6.64154e+06;1.31033e+07;1.41738e+07;1.41412e+07;7.49112e+06;4.42936e+06;51707;138514;129494;3.94337e+06;367112;199592;236819
22;7.28781e+06;1.43932e+07;1.5568e+07;1.55439e+07;8.24313e+06;4.86711e+06;53407;144914;136588;4.32491e+06;387361;209792;237734
23;7.96389e+06;1.57466e+07;1.70317e+07;1.70089e+07;9.03642e+06;5.32848e+06;55107;151314;143732;4.73308e+06;406964;221357;240792
24;8.67037e+06;1.71725e+07;1.85846e+07;1.85445e+07;9.88649e+06;5.82239e+06;56807;157714;150764;5.14174e+06;428254;232062;269349
25;9.40702e+06;1.86618e+07;2.01962e+07;2.01706e+07;1.07775e+07;6.33976e+06;58507;164114;157948;5.59269e+06;448037;246002;276770
26;1.01727e+07;2.01942e+07;2.18579e+07;2.1824e+07;1.16741e+07;6.86031e+06;60207;170514;165006;6.04159e+06;468790;257072;305094
27;1.09697e+07;2.18099e+07;2.36154e+07;2.35669e+07;1.26462e+07;7.42408e+06;61907;176914;172064;6.49317e+06;489454;268367;305365
28;1.17958e+07;2.34823e+07;2.5426e+07;2.53837e+07;1.36477e+07;8.00465e+06;63607;183314;179220;6.99108e+06;509985;279677;306431
29;1.26522e+07;2.5223e+07;2.73267e+07;2.73084e+07;1.46987e+07;8.61354e+06;65307;189714;186404;7.49389e+06;530235;293562;320101
30;1.35393e+07;2.70223e+07;2.92769e+07;2.92386e+07;1.57823e+07;9.24113e+06;67007;196114;193594;8.00904e+06;550349;304757;316402
31;1.44547e+07;2.88902e+07;3.13001e+07;3.12081e+07;1.69158e+07;9.89715e+06;68707;202514;200634;8.52869e+06;571493;316917;425370
32;1.5401e+07;3.08011e+07;3.33825e+07;3.33501e+07;1.80547e+07;1.05564e+07;70416;208914;207780;9.09173e+06;592294;325462;420148
33;1.63779e+07;3.27832e+07;3.55317e+07;3.55104e+07;1.92482e+07;1.12468e+07;72116;215314;215028;9.67005e+06;612439;336142;378081
34;1.73843e+07;3.4807e+07;3.77224e+07;3.77018e+07;2.04446e+07;1.1939e+07;73816;221714;222192;1.02399e+07;633262;347392;386420
35;1.84214e+07;3.68395e+07;3.98908e+07;3.98201e+07;2.15862e+07;1.25998e+07;75516;228114;229340;1.08703e+07;654665;360922;396157
36;1.94874e+07;3.89788e+07;4.22183e+07;4.21707e+07;2.28448e+07;1.33275e+07;77216;234514;236532;1.15061e+07;674130;371487;492484
37;2.05833e+07;4.12214e+07;4.46827e+07;4.46518e+07;2.42141e+07;1.41185e+07;78916;240914;243746;1.21442e+07;695681;382462;414712
38;2.17105e+07;4.35105e+07;4.71645e+07;4.71357e+07;2.55948e+07;1.4916e+07;80616;247314;251008;1.28138e+07;716866;395147;432642
39;2.28664e+07;4.58536e+07;4.96986e+07;4.96363e+07;2.70001e+07;1.57277e+07;82316;253714;258130;1.35146e+07;738523;407472;440628
40;2.40526e+07;4.82203e+07;5.22408e+07;5.21768e+07;2.83766e+07;1.65228e+07;84016;260114;265314;1.42484e+07;759462;420157;464846
41;2.52696e+07;5.07142e+07;5.49789e+07;5.49415e+07;2.99057e+07;1.74052e+07;85716;266514;272490;1.494e+07;780474;430636;792130

1;15663;22801;19976;19491;4680;6947;17221;10514;3824;30394;11174;4521;4453
2;61333;91789;94613;92935;20184;21479;19273;16914;8832;120794;25420;11534;10906
3;137007;204557;206516;197008;42303;40370;20986;23314;13876;271194;40999;18284;17700
4;242681;365521;368226;355030;78765;67409;22681;29714;19460;481594;57371;26243;26229
5;378354;556409;570816;555693;97594;85093;24432;36114;24958;751994;74431;34168;31597
6;544030;805669;809505;785425;148574;120918;26210;42514;30886;1.08239e+06;91941;41983;42393
7;739701;1.08982e+06;1.11217e+06;1.08568e+06;190622;151913;27909;48914;36644;1.47279e+06;110214;50258;48710
8;965383;1.41838e+06;1.42578e+06;1.41261e+06;240377;187885;29603;55314;42910;1.92319e+06;128915;58207;60207
9;1.22104e+06;1.80418e+06;1.82316e+06;1.76834e+06;320302;240733;31327;61714;48888;2.43359e+06;147216;67572;69703
10;1.50671e+06;2.23876e+06;2.29233e+06;2.23611e+06;415592;302616;33009;68114;55062;3.00399e+06;165332;77362;77025
11;1.8224e+06;2.66635e+06;2.70064e+06;2.63584e+06;428639;317804;34714;74514;61152;3.63439e+06;185466;85267;87986
12;2.16807e+06;3.196e+06;3.21116e+06;3.07029e+06;550298;394274;36408;80914;67498;4.32479e+06;204675;95532;96066
13;2.54373e+06;3.77699e+06;3.85245e+06;3.84622e+06;691816;482961;38101;87314;73882;5.07519e+06;224849;105657;116816
14;2.94941e+06;4.36239e+06;4.45109e+06;4.37932e+06;771034;536448;39808;93714;80658;5.88559e+06;244280;114937;116093
15;3.38508e+06;5.05389e+06;5.15349e+06;5.08438e+06;965941;655077;41518;100114;86926;6.75599e+06;264178;125142;126309
16;3.85077e+06;5.67399e+06;5.78287e+06;5.65158e+06;965891;663334;43217;106514;93294;7.68639e+06;284493;132377;141170
17;4.34643e+06;6.49639e+06;6.64941e+06;6.50722e+06;1.24986e+06;832942;44909;112914;99644;8.67679e+06;304182;143992;146582
18;4.87212e+06;7.18513e+06;7.34002e+06;7.22596e+06;1.22994e+06;829815;46615;119314;106452;9.72719e+06;324686;150007;173421
19;5.4278e+06;8.02659e+06;8.14179e+06;8.03128e+06;1.40727e+06;939543;48302;125714;113364;1.08376e+07;344784;161507;162489
20;6.01347e+06;8.93118e+06;9.1406e+06;8.98966e+06;1.62506e+06;1.07222e+06;50017;132114;119622;1.2008e+07;364483;170802;166518
21;6.62915e+06;9.8348e+06;1.00615e+07;9.91667e+06;1.77117e+06;1.16338e+06;51707;138514;126806;1.32384e+07;385221;180722;209959
22;7.27482e+06;1.08022e+07;1.10597e+07;1.08992e+07;1.95899e+06;1.27902e+06;53408;144914;133450;1.45288e+07;406333;192507;205634
23;7.95049e+06;1.17541e+07;1.20222e+07;1.1799e+07;2.04942e+06;1.33947e+06;55104;151314;140348;1.58792e+07;428317;201412;210807
24;8.65618e+06;1.28558e+07;1.31274e+07;1.27756e+07;2.33229e+06;1.50903e+06;56815;157714;146838;1.72896e+07;449310;212347;223909
25;9.39186e+06;1.39505e+07;1.42836e+07;1.40953e+07;2.53273e+06;1.6313e+06;58503;164114;154808;1.876e+07;470715;223662;236170
26;1.01575e+07;1.50113e+07;1.53851e+07;1.5327e+07;2.60393e+06;1.68049e+06;60200;170514;161690;2.02904e+07;492744;232307;255904
27;1.09532e+07;1.62853e+07;1.67094e+07;1.65531e+07;2.97818e+06;1.90233e+06;61912;176914;168034;2.18808e+07;513956;244107;267445
28;1.17789e+07;1.75101e+07;1.78101e+07;1.77084e+07;3.19642e+06;2.036e+06;63614;183314;175598;2.35312e+07;535423;253817;262711
29;1.26346e+07;1.87292e+07;1.9144e+07;1.88597e+07;3.33452e+06;2.12345e+06;65313;189714;182210;2.52416e+07;557176;262512;274191
30;1.35202e+07;2.00029e+07;2.04632e+07;2.02629e+07;3.49839e+06;2.22532e+06;67004;196114;189776;2.7012e+07;579758;274672;276337
31;1.44359e+07;2.1477e+07;2.20394e+07;2.19623e+07;3.94282e+06;2.48829e+06;68709;202514;196474;2.88424e+07;600672;284717;369400
32;1.53816e+07;2.27384e+07;2.32402e+07;2.3198e+07;3.94500e+06;2.49751e+06;70415;208914;203156;3.07328e+07;622250;294237;327623
33;1.63573e+07;2.4343e+07;2.49057e+07;2.46838e+07;4.47787e+06;2.81079e+06;72122;215314;210166;3.26832e+07;643759;301847;321871
34;1.7363e+07;2.58503e+07;2.65019e+07;2.61671e+07;4.77034e+06;2.98581e+06;73813;221714;216776;3.46936e+07;664330;318647;338355
35;1.83986e+07;2.725e+07;2.78111e+07;2.77109e+07;4.80468e+06;3.01459e+06;75516;228114;224686;3.6764e+07;687338;324307;337072
36;1.94643e+07;2.89592e+07;2.94872e+07;2.8684e+07;5.31058e+06;3.31238e+06;77229;234514;231342;3.88944e+07;709079;336122;394299
37;2.056e+07;3.06084e+07;3.13427e+07;3.13034e+07;5.64137e+06;3.51011e+06;78909;240914;239682;4.10848e+07;730498;344982;365852
38;2.16857e+07;3.21982e+07;3.29394e+07;3.27305e+07;5.79830e+06;3.60852e+06;80614;247314;245992;4.33352e+07;752018;354722;374027
39;2.28414e+07;3.39702e+07;3.48129e+07;3.47288e+07;6.2041e+06;3.84911e+06;82312;253714;253212;4.56456e+07;773480;367657;383613
40;2.40271e+07;3.56331e+07;3.64804e+07;3.61663e+07;6.349e+06;3.94128e+06;84011;260114;260368;4.8016e+07;795580;374382;382876
41;2.52427e+07;3.72427e+07;3.80186e+07;3.75672e+07;6.33050e+06;3.93884e+06;85718;266514;267972;5.04464e+07;817056;388116;624200

1;18105;40093;45240;44942;34941;24226;17907;10514;3620;15291;9220;4981;4333
2;71032;160181;180475;179877;139870;89649;19695;16914;8048;60150;21305;10809;10326
3;158505;360249;405685;404787;314764;195488;21395;23314;12772;133936;35046;17209;17645
4;280443;640301;720875;719677;559630;341646;23095;29714;17704;234860;49382;23738;23994
5;436692;1.00036e+06;1.12607e+06;1.12457e+06;874503;527811;24795;36114;22500;365028;64178;31653;31482
6;626635;1.44038e+06;1.62122e+06;1.61943e+06;1.25932e+06;754481;26579;42514;27952;518287;79540;39133;40353
7;851232;1.96041e+06;2.20638e+06;2.20429e+06;1.71414e+06;1.02121e+06;28279;48914;33328;700902;95569;46053;48250
8;1.10922e+06;2.56042e+06;2.88152e+06;2.87913e+06;2.23894e+06;1.32795e+06;29979;55314;38616;903807;111590;53017;54727
9;1.40233e+06;3.24046e+06;3.6467e+06;3.644e+06;2.83378e+06;1.67468e+06;31679;61714;43864;1.14222e+06;128521;60607;63898
10;1.72816e+06;4.00047e+06;4.50184e+06;4.49884e+06;3.49857e+06;2.0614e+06;33379;68114;49008;1.4039e+06;144005;67812;71250
11;2.08748e+06;4.84047e+06;5.44696e+06;5.44366e+06;4.23335e+06;2.48858e+06;35079;74514;54812;1.68923e+06;162147;75767;82276
12;2.48042e+06;5.76044e+06;6.48204e+06;6.47845e+06;5.03807e+06;2.95585e+06;36779;80914;60712;1.98516e+06;178863;83312;90851
13;2.90716e+06;6.76045e+06;7.60719e+06;7.60329e+06;5.91287e+06;3.4632e+06;38479;87314;66492;2.32541e+06;197088;95887;101101
14;3.36618e+06;7.8404e+06;8.82225e+06;8.81805e+06;6.85756e+06;4.01046e+06;40179;93714;72264;2.68535e+06;214314;100982;108308
15;3.85473e+06;9.00034e+06;1.01273e+07;1.01228e+07;7.87222e+06;4.5977e+06;41907;100114;77924;3.05488e+06;233522;110012;116079
16;4.37409e+06;1.02403e+07;1.15223e+07;1.15175e+07;8.95689e+06;5.22496e+06;43607;106514;83640;3.44734e+06;249724;114512;122705
17;4.9307e+06;1.15602e+07;1.30074e+07;1.30023e+07;1.01116e+07;5.89222e+06;45307;112914;89380;3.86351e+06;268808;126412;131062
18;5.52039e+06;1.29601e+07;1.45824e+07;1.4577e+07;1.13362e+07;6.59943e+06;47007;119314;94936;4.3093e+06;286577;133922;142481
19;6.1454e+06;1.44401e+07;1.62475e+07;1.62418e+07;1.26309e+07;7.34671e+06;48707;125714;100564;4.76889e+06;306544;137867;148789
20;6.80222e+06;1.6e+07;1.80025e+07;1.79965e+07;1.39955e+07;8.13397e+06;50407;132114;106024;5.26475e+06;323015;149532;158803
21;7.48710e+06;1.76399e+07;1.98475e+07;1.98412e+07;1.54301e+07;8.9615e+06;52107;138514;112000;5.75741e+06;341720;156877;173304
22;8.20569e+06;1.93598e+07;2.17825e+07;2.17759e+07;1.69346e+07;9.82928e+06;53807;144914;118432;6.29586e+06;359905;166657;183139
23;8.96062e+06;2.11597e+07;2.38075e+07;2.38006e+07;1.85092e+07;1.07371e+07;55507;151314;124688;6.84243e+06;380083;173207;197707
24;9.7386e+06;2.30395e+07;2.59224e+07;2.59152e+07;2.01537e+07;1.16848e+07;57207;157714;131032;7.40151e+06;397542;182402;201959
25;1.05492e+07;2.49993e+07;2.81273e+07;2.81198e+07;2.18682e+07;1.26725e+07;58907;164114;137208;7.9563e+06;416758;188947;214155
26;1.14003e+07;2.70392e+07;3.04222e+07;3.04145e+07;2.36528e+07;1.37003e+07;60607;170514;143392;8.56082e+06;434652;197017;223949
27;1.22806e+07;2.9159e+07;3.28072e+07;3.27991e+07;2.55072e+07;1.4768e+07;62307;176914;149632;9.16809e+06;455599;206467;230530
28;1.31931e+07;3.13589e+07;3.52821e+07;3.52737e+07;2.74318e+07;1.58757e+07;64007;183314;155736;9.79214e+06;473244;216052;240071
29;1.41403e+07;3.36387e+07;3.7847e+07;3.78383e+07;2.94262e+07;1.70234e+07;65707;189714;161872;1.04388e+07;492484;224722;247731
30;1.51223e+07;3.59986e+07;4.0502e+07;4.0493e+07;3.14907e+07;1.82111e+07;67407;196114;167856;1.11347e+07;511871;237657;256707
31;1.61265e+07;3.84384e+07;4.32468e+07;4.32375e+07;3.36251e+07;1.94388e+07;69107;202514;173856;1.17997e+07;532786;251467;261845
32;1.71618e+07;4.09581e+07;4.60816e+07;4.60721e+07;3.58295e+07;2.07066e+07;70807;208914;180088;1.25114e+07;552249;257782;271943
33;1.82327e+07;4.35579e+07;4.90066e+07;4.89967e+07;3.8104e+07;2.20143e+07;72507;215314;186256;1.32351e+07;570341;267422;290676
34;1.93352e+07;4.62377e+07;5.20214e+07;5.20112e+07;4.04483e+07;2.33619e+07;74207;221714;192368;1.39142e+07;591144;273082;290300
35;2.04596e+07;4.89974e+07;5.51262e+07;5.51157e+07;4.28626e+07;2.47496e+07;75907;228114;198384;1.46703e+07;612322;285972;298037
36;2.16136e+07;5.18371e+07;5.83209e+07;5.83101e+07;4.53469e+07;2.61772e+07;77607;234514;204280;1.54074e+07;631416;289792;313659
37;2.28046e+07;5.47569e+07;6.16057e+07;6.15946e+07;4.79012e+07;2.76449e+07;79311;240914;210376;1.62064e+07;650149;301087;320607
38;2.40249e+07;5.77566e+07;6.49805e+07;6.49691e+07;5.05255e+07;2.91526e+07;81011;247314;216336;1.69844e+07;670893;309052;328847
39;2.52824e+07;6.08363e+07;6.84452e+07;6.84335e+07;5.32197e+07;3.07002e+07;82711;253714;222232;1.77469e+07;691016;319297;342048
40;2.65736e+07;6.39961e+07;7.20001e+07;7.19881e+07;5.59841e+07;3.2288e+07;84411;260114;228056;1.86379e+07;710816;324917;349686
41;2.78949e+07;6.72358e+07;7.56448e+07;7.56325e+07;5.88184e+07;3.39156e+07;86111;266514;233764;1.94571e+07;729487;337856;372515




